attributes,Label1,ID1,IRI1,Ontology1,Label2,ID2,IRI2,Ontology2,Label3,ID3,IRI3,Ontology3,Label4,ID4,IRI4,Ontology4,Label5,ID5,IRI5,Ontology5
subject_id,Identification number (observable entity),396278008,http://snomed.info/id/396278008,snomed,Patient Identification Number or Provider Account Number:ID:Pt:^Patient:Nom,52463-7,http://purl.bioontology.org/ontology/LNC/52463-7,loinc,,,,,,,,,,,,
age,Age (qualifier value),397669002,http://snomed.info/id/397669002,snomed,Age,MTHU010047,http://purl.bioontology.org/ontology/LNC/MTHU010047,loinc,Age:Time:Pt:^Patient:Qn,30525-0,http://purl.bioontology.org/ontology/LNC/30525-0,loinc,,,,,,,,
gender,Gender (observable entity),263495000,http://snomed.info/id/263495000,snomed,Gender identity (observable entity),33821000087103,http://snomed.info/id/33821000087103,snomed,Biological sex (property) (qualifier value),734000001,http://snomed.info/id/734000001,snomed,,,,,,,,
admission_type,,,,,,,,,,,,,,,,,,,,
insurance,,,,,,,,,,,,,,,,,,,,
vorhofflimmern,Atrial fibrillation (disorder),49436004,http://snomed.info/id/49436004,snomed,,,,,,,,,,,,,,,,
hyperlipidaemie,Hyperlipidemia (disorder),55822004,http://snomed.info/id/55822004,snomed,,,,,,,,,,,,,,,,
creatinine,Creatinine dial fld/Creatinine ser_plas:RelRto:Pt:Dial fld+Ser/Plas:Qn,39802-4,http://purl.bioontology.org/ontology/LNC/39802-4,loinc,5-Hydroxyindoleacetate & Creatinine:Imp:Pt:Urine:Nom,44909-0,http://purl.bioontology.org/ontology/LNC/44909-0,loinc,,,,,,,,,,,,
hematocrit,Hematocrit:VFr:Pt:Bld:Qn,20570-8,http://purl.bioontology.org/ontology/LNC/20570-8,loinc,Hematocrit:VFr:Pt:Urine:Qn,17809-5,http://purl.bioontology.org/ontology/LNC/17809-5,loinc,,,,,,,,,,,,
infusion,Infusion (procedure),36576007,http://snomed.info/id/36576007,snomed,,,,,,,,,,,,,,,,
ventilation,,,,,,,,,,,,,,,,,,,,
ibuprofen,ibuprofen,atc:C01EB16,https://identifiers.org/atc:C01EB16,atc,ibuprofen,atc:G02CC01,https://identifiers.org/atc:G02CC01,atc,ibuprofen,atc:M01AE01,https://identifiers.org/atc:M01AE01,atc,ibuprofen,atc:M02AA13,https://identifiers.org/atc:M02AA13,atc,ibuprofen,atc:R02AX02,https://identifiers.org/atc:R02AX02,atc
fentanyl,fentanyl,atc:N01AH01,https://identifiers.org/atc:N01AH01,atc,fentanyl,atc:N02AB03,https://identifiers.org/atc:N02AB03,atc,,,,,,,,,,,,
weight,Body weight (observable entity),27113001,http://snomed.info/id/27113001,snomed,,,,,,,,,,,,,,,,
blood_pressure,Blood pressure (observable entity),75367002,http://snomed.info/id/75367002,snomed,,,,,,,,,,,,,,,,
vital_status,,,,,,,,,,,,,,,,,,,,
,,,,,,,,,,,,,,,,,,,,
,,,,,,,,,,,,,,,,,,,,
,,,,,,,,,,,,,,,,,,,,
,,,,,,,,,,,,,,,,,,,,
,,,,,,,,,,,,,,,,,,,,
,,,,,,,,,,,,,,,,,,,,
,,,,,,,,,,,,,,,,,,,,
,,,,,,,,,,,,,,,,,,,,
,,,,,,,,,,,,,,,,,,,,
,,,,,,,,,,,,,,,,,,,,
,,,,,,,,,,,,,,,,,,,,
,,,,,,,,,,,,,,,,,,,,
,,,,,,,,,,,,,,,,,,,,
,,,,,,,,,,,,,,,,,,,,
,,,,,,,,,,,,,,,,,,,,
,,,,,,,,,,,,,,,,,,,,
,,,,,,,,,,,,,,,,,,,,
,,,,,,,,,,,,,,,,,,,,
,,,,,,,,,,,,,,,,,,,,
,,,,,,,,,,,,,,,,,,,,
,,,,,,,,,,,,,,,,,,,,
,,,,,,,,,,,,,,,,,,,,
,,,,,,,,,,,,,,,,,,,,
,,,,,,,,,,,,,,,,,,,,
,,,,,,,,,,,,,,,,,,,,
,,,,,,,,,,,,,,,,,,,,
,,,,,,,,,,,,,,,,,,,,
,,,,,,,,,,,,,,,,,,,,
,,,,,,,,,,,,,,,,,,,,
,,,,,,,,,,,,,,,,,,,,
,,,,,,,,,,,,,,,,,,,,
,,,,,,,,,,,,,,,,,,,,
,,,,,,,,,,,,,,,,,,,,
,,,,,,,,,,,,,,,,,,,,
,,,,,,,,,,,,,,,,,,,,
,,,,,,,,,,,,,,,,,,,,
,,,,,,,,,,,,,,,,,,,,
,,,,,,,,,,,,,,,,,,,,
,,,,,,,,,,,,,,,,,,,,
,,,,,,,,,,,,,,,,,,,,
,,,,,,,,,,,,,,,,,,,,
,,,,,,,,,,,,,,,,,,,,
,,,,,,,,,,,,,,,,,,,,
,,,,,,,,,,,,,,,,,,,,
,,,,,,,,,,,,,,,,,,,,
,,,,,,,,,,,,,,,,,,,,
,,,,,,,,,,,,,,,,,,,,
,,,,,,,,,,,,,,,,,,,,
,,,,,,,,,,,,,,,,,,,,
,,,,,,,,,,,,,,,,,,,,
,,,,,,,,,,,,,,,,,,,,
,,,,,,,,,,,,,,,,,,,,
,,,,,,,,,,,,,,,,,,,,
,,,,,,,,,,,,,,,,,,,,
,,,,,,,,,,,,,,,,,,,,
,,,,,,,,,,,,,,,,,,,,
,,,,,,,,,,,,,,,,,,,,
,,,,,,,,,,,,,,,,,,,,
,,,,,,,,,,,,,,,,,,,,
,,,,,,,,,,,,,,,,,,,,
,,,,,,,,,,,,,,,,,,,,
,,,,,,,,,,,,,,,,,,,,
,,,,,,,,,,,,,,,,,,,,
,,,,,,,,,,,,,,,,,,,,
,,,,,,,,,,,,,,,,,,,,
,,,,,,,,,,,,,,,,,,,,
,,,,,,,,,,,,,,,,,,,,
,,,,,,,,,,,,,,,,,,,,
,,,,,,,,,,,,,,,,,,,,
,,,,,,,,,,,,,,,,,,,,
,,,,,,,,,,,,,,,,,,,,
,,,,,,,,,,,,,,,,,,,,
,,,,,,,,,,,,,,,,,,,,
,,,,,,,,,,,,,,,,,,,,
,,,,,,,,,,,,,,,,,,,,
,,,,,,,,,,,,,,,,,,,,
,,,,,,,,,,,,,,,,,,,,
,,,,,,,,,,,,,,,,,,,,
,,,,,,,,,,,,,,,,,,,,
,,,,,,,,,,,,,,,,,,,,
,,,,,,,,,,,,,,,,,,,,
,,,,,,,,,,,,,,,,,,,,
,,,,,,,,,,,,,,,,,,,,
,,,,,,,,,,,,,,,,,,,,
